game_date,game_id,away_name,home_name,venue_name,status
21/07/2026,823519,Pittsburgh Pirates,New York Yankees,Yankee Stadium,Scheduled
22/07/2026,823518,Pittsburgh Pirates,New York Yankees,Yankee Stadium,Scheduled
22/07/2026,824083,San Francisco Giants,Kansas City Royals,Kauffman Stadium,Scheduled
22/07/2026,823761,New York Mets,Milwaukee Brewers,American Family Field,Scheduled
22/07/2026,824327,Washington Nationals,Colorado Rockies,Coors Field,Scheduled
22/07/2026,825055,Athletics,Arizona Diamondbacks,Chase Field,Scheduled
22/07/2026,823110,Cincinnati Reds,Seattle Mariners,T-Mobile Park,Scheduled
22/07/2026,824004,St. Louis Cardinals,Los Angeles Angels,Angel Stadium,Scheduled
22/07/2026,824408,Minnesota Twins,Cleveland Guardians,Progressive Field,Scheduled
22/07/2026,823438,Los Angeles Dodgers,Philadelphia Phillies,Citizens Bank Park,Scheduled
22/07/2026,822784,Tampa Bay Rays,Toronto Blue Jays,Rogers Centre,Scheduled
22/07/2026,824732,Baltimore Orioles,Boston Red Sox,Fenway Park,Scheduled
22/07/2026,824896,San Diego Padres,Atlanta Braves,Truist Park,Scheduled
22/07/2026,822873,Chicago White Sox,Texas Rangers,Globe Life Field,Scheduled
22/07/2026,824650,Detroit Tigers,Chicago Cubs,Wrigley Field,Scheduled
22/07/2026,824166,Miami Marlins,Houston Astros,Daikin Park,Scheduled
23/07/2026,824893,San Diego Padres,Atlanta Braves,Truist Park,Scheduled
23/07/2026,824406,Minnesota Twins,Cleveland Guardians,Progressive Field,Scheduled
23/07/2026,822785,Tampa Bay Rays,Toronto Blue Jays,Rogers Centre,Scheduled
23/07/2026,823042,Arizona Diamondbacks,St. Louis Cardinals,Busch Stadium,Scheduled
23/07/2026,824247,Kansas City Royals,Detroit Tigers,Comerica Park,Scheduled
24/07/2026,823759,Colorado Rockies,Milwaukee Brewers,American Family Field,Scheduled
24/07/2026,824248,Kansas City Royals,Detroit Tigers,Comerica Park,Scheduled
24/07/2026,823352,Chicago Cubs,Pittsburgh Pirates,PNC Park,Scheduled
24/07/2026,822707,Arizona Diamondbacks,Washington Nationals,Nationals Park,Scheduled
24/07/2026,823434,New York Yankees,Philadelphia Phillies,Citizens Bank Park,Scheduled
24/07/2026,824812,Atlanta Braves,Baltimore Orioles,Oriole Park at Camden Yards,Scheduled
24/07/2026,823601,Los Angeles Dodgers,New York Mets,Citi Field,Scheduled
24/07/2026,822952,Cleveland Guardians,Tampa Bay Rays,Tropicana Field,Scheduled
24/07/2026,823843,San Diego Padres,Miami Marlins,loanDepot park,Scheduled
24/07/2026,824733,Toronto Blue Jays,Boston Red Sox,Fenway Park,Scheduled
24/07/2026,824573,Houston Astros,Chicago White Sox,Rate Field,Scheduled
24/07/2026,822872,Seattle Mariners,Texas Rangers,Globe Life Field,Scheduled
24/07/2026,823680,Athletics,Minnesota Twins,Target Field,Scheduled
24/07/2026,823031,Cincinnati Reds,St. Louis Cardinals,Busch Stadium,Scheduled
24/07/2026,823196,Los Angeles Angels,San Francisco Giants,Oracle Park,Scheduled
25/07/2026,824244,Kansas City Royals,Detroit Tigers,Comerica Park,Scheduled
25/07/2026,822704,Arizona Diamondbacks,Washington Nationals,Nationals Park,Scheduled
25/07/2026,823197,Los Angeles Angels,San Francisco Giants,Oracle Park,Scheduled
25/07/2026,824734,Toronto Blue Jays,Boston Red Sox,Fenway Park,Scheduled
25/07/2026,823841,San Diego Padres,Miami Marlins,loanDepot park,Scheduled
25/07/2026,823435,New York Yankees,Philadelphia Phillies,Citizens Bank Park,Scheduled
25/07/2026,822948,Cleveland Guardians,Tampa Bay Rays,Tropicana Field,Scheduled
25/07/2026,823355,Chicago Cubs,Pittsburgh Pirates,PNC Park,Scheduled
25/07/2026,824811,Atlanta Braves,Baltimore Orioles,Oriole Park at Camden Yards,Scheduled
25/07/2026,823679,Athletics,Minnesota Twins,Target Field,Scheduled
25/07/2026,824571,Houston Astros,Chicago White Sox,Rate Field,Scheduled
25/07/2026,823758,Colorado Rockies,Milwaukee Brewers,American Family Field,Scheduled
25/07/2026,823600,Los Angeles Dodgers,New York Mets,Citi Field,Scheduled
25/07/2026,823027,Cincinnati Reds,St. Louis Cardinals,Busch Stadium,Scheduled
25/07/2026,822869,Seattle Mariners,Texas Rangers,Globe Life Field,Scheduled
26/07/2026,822950,Cleveland Guardians,Tampa Bay Rays,Tropicana Field,Scheduled
26/07/2026,822706,Arizona Diamondbacks,Washington Nationals,Nationals Park,Scheduled
26/07/2026,823354,Chicago Cubs,Pittsburgh Pirates,PNC Park,Scheduled
26/07/2026,824730,Toronto Blue Jays,Boston Red Sox,Fenway Park,Scheduled
26/07/2026,824810,Atlanta Braves,Baltimore Orioles,Oriole Park at Camden Yards,Scheduled
26/07/2026,824246,Kansas City Royals,Detroit Tigers,Comerica Park,Scheduled
26/07/2026,823599,Los Angeles Dodgers,New York Mets,Citi Field,Scheduled
26/07/2026,823840,San Diego Padres,Miami Marlins,loanDepot park,Scheduled
26/07/2026,823678,Athletics,Minnesota Twins,Target Field,Scheduled
26/07/2026,824572,Houston Astros,Chicago White Sox,Rate Field,Scheduled
26/07/2026,823755,Colorado Rockies,Milwaukee Brewers,American Family Field,Scheduled
26/07/2026,823028,Cincinnati Reds,St. Louis Cardinals,Busch Stadium,Scheduled
26/07/2026,822870,Seattle Mariners,Texas Rangers,Globe Life Field,Scheduled
26/07/2026,823194,Los Angeles Angels,San Francisco Giants,Oracle Park,Scheduled
26/07/2026,823433,New York Yankees,Philadelphia Phillies,Citizens Bank Park,Scheduled
27/07/2026,822868,Seattle Mariners,Texas Rangers,Globe Life Field,Scheduled
27/07/2026,824245,Baltimore Orioles,Detroit Tigers,Comerica Park,Scheduled
27/07/2026,823353,Arizona Diamondbacks,Pittsburgh Pirates,PNC Park,Scheduled
27/07/2026,823839,Philadelphia Phillies,Miami Marlins,loanDepot park,Scheduled
27/07/2026,822705,Toronto Blue Jays,Washington Nationals,Nationals Park,Scheduled
27/07/2026,824490,Cleveland Guardians,Cincinnati Reds,Great American Ball Park,Scheduled
27/07/2026,823597,Atlanta Braves,New York Mets,Citi Field,Scheduled
27/07/2026,824570,New York Yankees,Chicago White Sox,Rate Field,Scheduled
27/07/2026,823025,Chicago Cubs,St. Louis Cardinals,Busch Stadium,Scheduled
27/07/2026,824001,Houston Astros,Los Angeles Angels,Angel Stadium,Scheduled
27/07/2026,824977,Boston Red Sox,Athletics,Sutter Health Park,Scheduled
27/07/2026,823195,Milwaukee Brewers,San Francisco Giants,Oracle Park,Scheduled
28/07/2026,824243,Baltimore Orioles,Detroit Tigers,Comerica Park,Scheduled
28/07/2026,823350,Arizona Diamondbacks,Pittsburgh Pirates,PNC Park,Scheduled
28/07/2026,822949,Texas Rangers,Tampa Bay Rays,Tropicana Field,Scheduled
28/07/2026,823838,Philadelphia Phillies,Miami Marlins,loanDepot park,Scheduled
28/07/2026,822703,Toronto Blue Jays,Washington Nationals,Nationals Park,Scheduled
28/07/2026,824489,Cleveland Guardians,Cincinnati Reds,Great American Ball Park,Scheduled
28/07/2026,823598,Atlanta Braves,New York Mets,Citi Field,Scheduled
28/07/2026,823676,Kansas City Royals,Minnesota Twins,Target Field,Scheduled
28/07/2026,824569,New York Yankees,Chicago White Sox,Rate Field,Scheduled
28/07/2026,823026,Chicago Cubs,St. Louis Cardinals,Busch Stadium,Scheduled
28/07/2026,824003,Houston Astros,Los Angeles Angels,Angel Stadium,Scheduled
28/07/2026,824976,Boston Red Sox,Athletics,Sutter Health Park,Scheduled
28/07/2026,823275,Colorado Rockies,San Diego Padres,Petco Park,Scheduled
28/07/2026,823193,Milwaukee Brewers,San Francisco Giants,Oracle Park,Scheduled
28/07/2026,823923,Seattle Mariners,Los Angeles Dodgers,UNIQLO Field at Dodger Stadium,Scheduled
29/07/2026,823837,Philadelphia Phillies,Miami Marlins,loanDepot park,Scheduled
29/07/2026,823351,Arizona Diamondbacks,Pittsburgh Pirates,PNC Park,Scheduled
29/07/2026,822702,Toronto Blue Jays,Washington Nationals,Nationals Park,Scheduled
29/07/2026,824242,Baltimore Orioles,Detroit Tigers,Comerica Park,Scheduled
29/07/2026,823596,Atlanta Braves,New York Mets,Citi Field,Scheduled
29/07/2026,823192,Milwaukee Brewers,San Francisco Giants,Oracle Park,Scheduled
29/07/2026,823273,Colorado Rockies,San Diego Padres,Petco Park,Scheduled
29/07/2026,822947,Texas Rangers,Tampa Bay Rays,Tropicana Field,Scheduled
29/07/2026,824487,Cleveland Guardians,Cincinnati Reds,Great American Ball Park,Scheduled
29/07/2026,823677,Kansas City Royals,Minnesota Twins,Target Field,Scheduled
29/07/2026,824567,New York Yankees,Chicago White Sox,Rate Field,Scheduled
29/07/2026,823022,Chicago Cubs,St. Louis Cardinals,Busch Stadium,Scheduled
29/07/2026,824002,Houston Astros,Los Angeles Angels,Angel Stadium,Scheduled
29/07/2026,824973,Boston Red Sox,Athletics,Sutter Health Park,Scheduled
29/07/2026,823924,Seattle Mariners,Los Angeles Dodgers,UNIQLO Field at Dodger Stadium,Scheduled
30/07/2026,822946,Texas Rangers,Tampa Bay Rays,Tropicana Field,Scheduled
30/07/2026,823674,Kansas City Royals,Minnesota Twins,Target Field,Scheduled
30/07/2026,824568,New York Yankees,Chicago White Sox,Rate Field,Scheduled
30/07/2026,823023,Chicago Cubs,St. Louis Cardinals,Busch Stadium,Scheduled
30/07/2026,824488,Pittsburgh Pirates,Cincinnati Reds,Great American Ball Park,Scheduled
30/07/2026,823595,Miami Marlins,New York Mets,Citi Field,Scheduled
30/07/2026,824894,Washington Nationals,Atlanta Braves,Truist Park,Scheduled
30/07/2026,824974,Boston Red Sox,Athletics,Sutter Health Park,Scheduled
30/07/2026,823271,San Francisco Giants,San Diego Padres,Petco Park,Scheduled
30/07/2026,823921,Seattle Mariners,Los Angeles Dodgers,UNIQLO Field at Dodger Stadium,Scheduled
31/07/2026,824651,New York Yankees,Chicago Cubs,Wrigley Field,Scheduled
31/07/2026,824486,Pittsburgh Pirates,Cincinnati Reds,Great American Ball Park,Scheduled
31/07/2026,824809,Philadelphia Phillies,Baltimore Orioles,Oriole Park at Camden Yards,Scheduled
31/07/2026,822782,St. Louis Cardinals,Toronto Blue Jays,Rogers Centre,Scheduled
31/07/2026,824407,Arizona Diamondbacks,Cleveland Guardians,Progressive Field,Scheduled
31/07/2026,822945,Chicago White Sox,Tampa Bay Rays,Tropicana Field,Scheduled
31/07/2026,823593,Miami Marlins,New York Mets,Citi Field,Scheduled
31/07/2026,824892,Washington Nationals,Atlanta Braves,Truist Park,Scheduled
31/07/2026,824164,Texas Rangers,Houston Astros,Daikin Park,Scheduled
31/07/2026,824325,Kansas City Royals,Colorado Rockies,Coors Field,Scheduled
31/07/2026,823999,Milwaukee Brewers,Los Angeles Angels,Angel Stadium,Scheduled
31/07/2026,824975,Detroit Tigers,Athletics,Sutter Health Park,Scheduled
31/07/2026,823272,San Francisco Giants,San Diego Padres,Petco Park,Scheduled
31/07/2026,823922,Boston Red Sox,Los Angeles Dodgers,UNIQLO Field at Dodger Stadium,Scheduled
31/07/2026,823111,Minnesota Twins,Seattle Mariners,T-Mobile Park,Scheduled
01/08/2026,822781,St. Louis Cardinals,Toronto Blue Jays,Rogers Centre,Scheduled
01/08/2026,823109,Minnesota Twins,Seattle Mariners,T-Mobile Park,Scheduled
01/08/2026,822944,Chicago White Sox,Tampa Bay Rays,Tropicana Field,Scheduled
01/08/2026,823594,Miami Marlins,New York Mets,Citi Field,Scheduled
01/08/2026,824485,Pittsburgh Pirates,Cincinnati Reds,Great American Ball Park,Scheduled
01/08/2026,824808,Philadelphia Phillies,Baltimore Orioles,Oriole Park at Camden Yards,Scheduled
01/08/2026,824162,Texas Rangers,Houston Astros,Daikin Park,Scheduled
01/08/2026,824405,Arizona Diamondbacks,Cleveland Guardians,Progressive Field,Scheduled
01/08/2026,824890,Washington Nationals,Atlanta Braves,Truist Park,Scheduled
01/08/2026,824649,New York Yankees,Chicago Cubs,Wrigley Field,Scheduled
01/08/2026,824326,Kansas City Royals,Colorado Rockies,Coors Field,Scheduled
01/08/2026,823269,San Francisco Giants,San Diego Padres,Petco Park,Scheduled
01/08/2026,823920,Boston Red Sox,Los Angeles Dodgers,UNIQLO Field at Dodger Stadium,Scheduled
01/08/2026,824000,Milwaukee Brewers,Los Angeles Angels,Angel Stadium,Scheduled
01/08/2026,824972,Detroit Tigers,Athletics,Sutter Health Park,Scheduled
02/08/2026,824807,Philadelphia Phillies,Baltimore Orioles,Oriole Park at Camden Yards,Scheduled
02/08/2026,824891,Washington Nationals,Atlanta Braves,Truist Park,Scheduled
02/08/2026,822783,St. Louis Cardinals,Toronto Blue Jays,Rogers Centre,Scheduled
02/08/2026,824404,Arizona Diamondbacks,Cleveland Guardians,Progressive Field,Scheduled
02/08/2026,824483,Pittsburgh Pirates,Cincinnati Reds,Great American Ball Park,Scheduled
02/08/2026,822943,Chicago White Sox,Tampa Bay Rays,Tropicana Field,Scheduled
02/08/2026,823592,Miami Marlins,New York Mets,Citi Field,Scheduled
02/08/2026,824163,Texas Rangers,Houston Astros,Daikin Park,Scheduled
02/08/2026,824648,New York Yankees,Chicago Cubs,Wrigley Field,Scheduled
02/08/2026,824323,Kansas City Royals,Colorado Rockies,Coors Field,Scheduled
02/08/2026,823996,Milwaukee Brewers,Los Angeles Angels,Angel Stadium,Scheduled
02/08/2026,824971,Detroit Tigers,Athletics,Sutter Health Park,Scheduled
02/08/2026,823270,San Francisco Giants,San Diego Padres,Petco Park,Scheduled
02/08/2026,823107,Minnesota Twins,Seattle Mariners,T-Mobile Park,Scheduled
02/08/2026,823919,Boston Red Sox,Los Angeles Dodgers,UNIQLO Field at Dodger Stadium,Scheduled
03/08/2026,823431,Washington Nationals,Philadelphia Phillies,Citizens Bank Park,Scheduled
03/08/2026,823520,St. Louis Cardinals,New York Yankees,Yankee Stadium,Scheduled
03/08/2026,823757,Pittsburgh Pirates,Milwaukee Brewers,American Family Field,Scheduled
03/08/2026,824647,Los Angeles Dodgers,Chicago Cubs,Wrigley Field,Scheduled
03/08/2026,822867,San Francisco Giants,Texas Rangers,Globe Life Field,Scheduled
03/08/2026,824160,Toronto Blue Jays,Houston Astros,Daikin Park,Scheduled
03/08/2026,824324,Tampa Bay Rays,Colorado Rockies,Coors Field,Scheduled
03/08/2026,825095,San Diego Padres,Arizona Diamondbacks,Chase Field,Scheduled
04/08/2026,824805,Los Angeles Angels,Baltimore Orioles,Oriole Park at Camden Yards,Scheduled
04/08/2026,824403,New York Mets,Cleveland Guardians,Progressive Field,Scheduled
04/08/2026,824484,Athletics,Cincinnati Reds,Great American Ball Park,Scheduled
04/08/2026,823432,Washington Nationals,Philadelphia Phillies,Citizens Bank Park,Scheduled
04/08/2026,823517,St. Louis Cardinals,New York Yankees,Yankee Stadium,Scheduled
04/08/2026,824731,Chicago White Sox,Boston Red Sox,Fenway Park,Scheduled
04/08/2026,824888,Miami Marlins,Atlanta Braves,Truist Park,Scheduled
04/08/2026,824084,Minnesota Twins,Kansas City Royals,Kauffman Stadium,Scheduled
04/08/2026,823756,Pittsburgh Pirates,Milwaukee Brewers,American Family Field,Scheduled
04/08/2026,824645,Los Angeles Dodgers,Chicago Cubs,Wrigley Field,Scheduled
04/08/2026,822865,San Francisco Giants,Texas Rangers,Globe Life Field,Scheduled
04/08/2026,824161,Toronto Blue Jays,Houston Astros,Daikin Park,Scheduled
04/08/2026,824321,Tampa Bay Rays,Colorado Rockies,Coors Field,Scheduled
04/08/2026,825054,San Diego Padres,Arizona Diamondbacks,Chase Field,Scheduled
04/08/2026,823108,Detroit Tigers,Seattle Mariners,T-Mobile Park,Scheduled
05/08/2026,824158,Toronto Blue Jays,Houston Astros,Daikin Park,Scheduled
05/08/2026,824646,Los Angeles Dodgers,Chicago Cubs,Wrigley Field,Scheduled
05/08/2026,822866,San Francisco Giants,Texas Rangers,Globe Life Field,Scheduled
05/08/2026,824322,Tampa Bay Rays,Colorado Rockies,Coors Field,Scheduled
05/08/2026,824806,Los Angeles Angels,Baltimore Orioles,Oriole Park at Camden Yards,Scheduled
05/08/2026,824402,New York Mets,Cleveland Guardians,Progressive Field,Scheduled
05/08/2026,824482,Athletics,Cincinnati Reds,Great American Ball Park,Scheduled
05/08/2026,823429,Washington Nationals,Philadelphia Phillies,Citizens Bank Park,Scheduled
05/08/2026,823516,St. Louis Cardinals,New York Yankees,Yankee Stadium,Scheduled
05/08/2026,824728,Chicago White Sox,Boston Red Sox,Fenway Park,Scheduled
05/08/2026,824889,Miami Marlins,Atlanta Braves,Truist Park,Scheduled
05/08/2026,824082,Minnesota Twins,Kansas City Royals,Kauffman Stadium,Scheduled
05/08/2026,823753,Pittsburgh Pirates,Milwaukee Brewers,American Family Field,Scheduled
05/08/2026,825052,San Diego Padres,Arizona Diamondbacks,Chase Field,Scheduled
05/08/2026,823106,Detroit Tigers,Seattle Mariners,T-Mobile Park,Scheduled
06/08/2026,824804,Los Angeles Angels,Baltimore Orioles,Oriole Park at Camden Yards,Scheduled
06/08/2026,824481,Athletics,Cincinnati Reds,Great American Ball Park,Scheduled
06/08/2026,824401,New York Mets,Cleveland Guardians,Progressive Field,Scheduled
06/08/2026,823754,Pittsburgh Pirates,Milwaukee Brewers,American Family Field,Scheduled
06/08/2026,824664,Toronto Blue Jays,Chicago Cubs,Wrigley Field,Scheduled
06/08/2026,823105,Detroit Tigers,Seattle Mariners,T-Mobile Park,Scheduled
06/08/2026,823430,Washington Nationals,Philadelphia Phillies,Citizens Bank Park,Scheduled
06/08/2026,824729,Chicago White Sox,Boston Red Sox,Fenway Park,Scheduled
06/08/2026,824885,Miami Marlins,Atlanta Braves,Truist Park,Scheduled
06/08/2026,824080,Minnesota Twins,Kansas City Royals,Kauffman Stadium,Scheduled
06/08/2026,825053,San Diego Padres,Arizona Diamondbacks,Chase Field,Scheduled
07/08/2026,823349,New York Mets,Pittsburgh Pirates,PNC Park,Scheduled
07/08/2026,823428,Toronto Blue Jays,Philadelphia Phillies,Citizens Bank Park,Scheduled
07/08/2026,822699,Cincinnati Reds,Washington Nationals,Nationals Park,Scheduled
07/08/2026,823515,Atlanta Braves,New York Yankees,Yankee Stadium,Scheduled
07/08/2026,824727,Athletics,Boston Red Sox,Fenway Park,Scheduled
07/08/2026,823836,Los Angeles Angels,Miami Marlins,loanDepot park,Scheduled
07/08/2026,824566,Cleveland Guardians,Chicago White Sox,Rate Field,Scheduled
07/08/2026,823750,Minnesota Twins,Milwaukee Brewers,American Family Field,Scheduled
07/08/2026,822863,Baltimore Orioles,Texas Rangers,Globe Life Field,Scheduled
07/08/2026,824081,Chicago Cubs,Kansas City Royals,Kauffman Stadium,Scheduled
07/08/2026,823024,Colorado Rockies,St. Louis Cardinals,Busch Stadium,Scheduled
07/08/2026,825051,Los Angeles Dodgers,Arizona Diamondbacks,Chase Field,Scheduled
07/08/2026,823266,Houston Astros,San Diego Padres,Petco Park,Scheduled
07/08/2026,823103,Tampa Bay Rays,Seattle Mariners,T-Mobile Park,Scheduled
07/08/2026,823191,Detroit Tigers,San Francisco Giants,Oracle Park,Scheduled
08/08/2026,823514,Atlanta Braves,New York Yankees,Yankee Stadium,Scheduled
08/08/2026,824726,Athletics,Boston Red Sox,Fenway Park,Scheduled
08/08/2026,823834,Los Angeles Angels,Miami Marlins,loanDepot park,Scheduled
08/08/2026,823426,Toronto Blue Jays,Philadelphia Phillies,Citizens Bank Park,Scheduled
08/08/2026,823348,New York Mets,Pittsburgh Pirates,PNC Park,Scheduled
08/08/2026,822701,Cincinnati Reds,Washington Nationals,Nationals Park,Scheduled
08/08/2026,824079,Chicago Cubs,Kansas City Royals,Kauffman Stadium,Scheduled
08/08/2026,823752,Minnesota Twins,Milwaukee Brewers,American Family Field,Scheduled
08/08/2026,823267,Houston Astros,San Diego Padres,Petco Park,Scheduled
08/08/2026,823188,Detroit Tigers,San Francisco Giants,Oracle Park,Scheduled
08/08/2026,823021,Colorado Rockies,St. Louis Cardinals,Busch Stadium,Scheduled
08/08/2026,822864,Baltimore Orioles,Texas Rangers,Globe Life Field,Scheduled
08/08/2026,824565,Cleveland Guardians,Chicago White Sox,Rate Field,Scheduled
08/08/2026,825049,Los Angeles Dodgers,Arizona Diamondbacks,Chase Field,Scheduled
08/08/2026,823102,Tampa Bay Rays,Seattle Mariners,T-Mobile Park,Scheduled
09/08/2026,822700,Cincinnati Reds,Washington Nationals,Nationals Park,Scheduled
09/08/2026,824724,Athletics,Boston Red Sox,Fenway Park,Scheduled
09/08/2026,823345,New York Mets,Pittsburgh Pirates,PNC Park,Scheduled
09/08/2026,823425,Toronto Blue Jays,Philadelphia Phillies,Citizens Bank Park,Scheduled
09/08/2026,823513,Atlanta Braves,New York Yankees,Yankee Stadium,Scheduled
09/08/2026,823835,Los Angeles Angels,Miami Marlins,loanDepot park,Scheduled
09/08/2026,824078,Chicago Cubs,Kansas City Royals,Kauffman Stadium,Scheduled
09/08/2026,824564,Cleveland Guardians,Chicago White Sox,Rate Field,Scheduled
09/08/2026,823751,Minnesota Twins,Milwaukee Brewers,American Family Field,Scheduled
09/08/2026,823020,Colorado Rockies,St. Louis Cardinals,Busch Stadium,Scheduled
09/08/2026,822862,Baltimore Orioles,Texas Rangers,Globe Life Field,Scheduled
09/08/2026,823190,Detroit Tigers,San Francisco Giants,Oracle Park,Scheduled
09/08/2026,825050,Los Angeles Dodgers,Arizona Diamondbacks,Chase Field,Scheduled
09/08/2026,823104,Tampa Bay Rays,Seattle Mariners,T-Mobile Park,Scheduled
09/08/2026,823268,Houston Astros,San Diego Padres,Petco Park,Scheduled
10/08/2026,822780,Boston Red Sox,Toronto Blue Jays,Rogers Centre,Scheduled
10/08/2026,824887,New York Mets,Atlanta Braves,Truist Park,Scheduled
10/08/2026,823675,Baltimore Orioles,Minnesota Twins,Target Field,Scheduled
10/08/2026,823018,Philadelphia Phillies,St. Louis Cardinals,Busch Stadium,Scheduled
10/08/2026,823998,Texas Rangers,Los Angeles Angels,Angel Stadium,Scheduled
10/08/2026,825048,Colorado Rockies,Arizona Diamondbacks,Chase Field,Scheduled
10/08/2026,824969,Tampa Bay Rays,Athletics,Sutter Health Park,Scheduled
10/08/2026,823265,Milwaukee Brewers,San Diego Padres,Petco Park,Scheduled
10/08/2026,823189,Houston Astros,San Francisco Giants,Oracle Park,Scheduled
10/08/2026,823918,Kansas City Royals,Los Angeles Dodgers,UNIQLO Field at Dodger Stadium,Scheduled
11/08/2026,824240,Cleveland Guardians,Detroit Tigers,Comerica Park,Scheduled
11/08/2026,823832,Pittsburgh Pirates,Miami Marlins,loanDepot park,Scheduled
11/08/2026,822697,Chicago Cubs,Washington Nationals,Nationals Park,Scheduled
11/08/2026,823512,Seattle Mariners,New York Yankees,Yankee Stadium,Scheduled
11/08/2026,822778,Boston Red Sox,Toronto Blue Jays,Rogers Centre,Scheduled
11/08/2026,824886,New York Mets,Atlanta Braves,Truist Park,Scheduled
11/08/2026,823673,Baltimore Orioles,Minnesota Twins,Target Field,Scheduled
11/08/2026,824563,Cincinnati Reds,Chicago White Sox,Rate Field,Scheduled
11/08/2026,823019,Philadelphia Phillies,St. Louis Cardinals,Busch Stadium,Scheduled
11/08/2026,823997,Texas Rangers,Los Angeles Angels,Angel Stadium,Scheduled
11/08/2026,825046,Colorado Rockies,Arizona Diamondbacks,Chase Field,Scheduled
11/08/2026,824970,Tampa Bay Rays,Athletics,Sutter Health Park,Scheduled
11/08/2026,823264,Milwaukee Brewers,San Diego Padres,Petco Park,Scheduled
11/08/2026,823186,Houston Astros,San Francisco Giants,Oracle Park,Scheduled
11/08/2026,823917,Kansas City Royals,Los Angeles Dodgers,UNIQLO Field at Dodger Stadium,Scheduled
12/08/2026,823672,Baltimore Orioles,Minnesota Twins,Target Field,Scheduled
12/08/2026,823017,Philadelphia Phillies,St. Louis Cardinals,Busch Stadium,Scheduled
12/08/2026,824967,Tampa Bay Rays,Athletics,Sutter Health Park,Scheduled
12/08/2026,825047,Colorado Rockies,Arizona Diamondbacks,Chase Field,Scheduled
12/08/2026,823187,Houston Astros,San Francisco Giants,Oracle Park,Scheduled
12/08/2026,823263,Milwaukee Brewers,San Diego Padres,Petco Park,Scheduled
12/08/2026,824241,Cleveland Guardians,Detroit Tigers,Comerica Park,Scheduled
12/08/2026,823833,Pittsburgh Pirates,Miami Marlins,loanDepot park,Scheduled
12/08/2026,822698,Chicago Cubs,Washington Nationals,Nationals Park,Scheduled
12/08/2026,823511,Seattle Mariners,New York Yankees,Yankee Stadium,Scheduled
12/08/2026,822779,Boston Red Sox,Toronto Blue Jays,Rogers Centre,Scheduled
12/08/2026,824883,New York Mets,Atlanta Braves,Truist Park,Scheduled
12/08/2026,824562,Cincinnati Reds,Chicago White Sox,Rate Field,Scheduled
12/08/2026,823916,Kansas City Royals,Los Angeles Dodgers,UNIQLO Field at Dodger Stadium,Scheduled
12/08/2026,823994,Texas Rangers,Los Angeles Angels,Angel Stadium,Scheduled
13/08/2026,824238,Cleveland Guardians,Detroit Tigers,Comerica Park,Scheduled
13/08/2026,823829,Pittsburgh Pirates,Miami Marlins,loanDepot park,Scheduled
13/08/2026,823508,Seattle Mariners,New York Yankees,Yankee Stadium,Scheduled
13/08/2026,824561,Cincinnati Reds,Chicago White Sox,Rate Field,Scheduled
13/08/2026,822776,Boston Red Sox,Toronto Blue Jays,Rogers Centre,Scheduled
13/08/2026,822696,Chicago Cubs,Washington Nationals,Nationals Park,Scheduled
13/08/2026,823669,Philadelphia Phillies,Minnesota Twins,Field of Dreams,Scheduled
13/08/2026,823995,Texas Rangers,Los Angeles Angels,Angel Stadium,Scheduled
13/08/2026,823915,Milwaukee Brewers,Los Angeles Dodgers,UNIQLO Field at Dodger Stadium,Scheduled
14/08/2026,824643,St. Louis Cardinals,Chicago Cubs,Wrigley Field,Scheduled
14/08/2026,824479,Miami Marlins,Cincinnati Reds,Great American Ball Park,Scheduled
14/08/2026,823346,Boston Red Sox,Pittsburgh Pirates,PNC Park,Scheduled
14/08/2026,824237,Chicago White Sox,Detroit Tigers,Comerica Park,Scheduled
14/08/2026,822777,New York Yankees,Toronto Blue Jays,Rogers Centre,Scheduled
14/08/2026,823591,Washington Nationals,New York Mets,Citi Field,Scheduled
14/08/2026,824399,San Diego Padres,Cleveland Guardians,Progressive Field,Scheduled
14/08/2026,822942,Baltimore Orioles,Tampa Bay Rays,Tropicana Field,Scheduled
14/08/2026,824882,Arizona Diamondbacks,Atlanta Braves,Truist Park,Scheduled
14/08/2026,824159,Seattle Mariners,Houston Astros,Daikin Park,Scheduled
14/08/2026,823993,Kansas City Royals,Los Angeles Angels,Angel Stadium,Scheduled
14/08/2026,824968,Texas Rangers,Athletics,Sutter Health Park,Scheduled
14/08/2026,823913,Milwaukee Brewers,Los Angeles Dodgers,UNIQLO Field at Dodger Stadium,Scheduled
14/08/2026,823185,Colorado Rockies,San Francisco Giants,Oracle Park,Scheduled
15/08/2026,824239,Chicago White Sox,Detroit Tigers,Comerica Park,Scheduled
15/08/2026,824644,St. Louis Cardinals,Chicago Cubs,Wrigley Field,Scheduled
15/08/2026,822775,New York Yankees,Toronto Blue Jays,Rogers Centre,Scheduled
15/08/2026,823184,Colorado Rockies,San Francisco Giants,Oracle Park,Scheduled
15/08/2026,823588,Washington Nationals,New York Mets,Citi Field,Scheduled
15/08/2026,822941,Baltimore Orioles,Tampa Bay Rays,Tropicana Field,Scheduled
15/08/2026,824480,Miami Marlins,Cincinnati Reds,Great American Ball Park,Scheduled
15/08/2026,824400,San Diego Padres,Cleveland Guardians,Progressive Field,Scheduled
15/08/2026,824157,Seattle Mariners,Houston Astros,Daikin Park,Scheduled
15/08/2026,823671,Philadelphia Phillies,Minnesota Twins,Target Field,Scheduled
15/08/2026,823347,Boston Red Sox,Pittsburgh Pirates,PNC Park,Scheduled
15/08/2026,824884,Arizona Diamondbacks,Atlanta Braves,Truist Park,Scheduled
15/08/2026,823914,Milwaukee Brewers,Los Angeles Dodgers,UNIQLO Field at Dodger Stadium,Scheduled
15/08/2026,823990,Kansas City Royals,Los Angeles Angels,Angel Stadium,Scheduled
15/08/2026,824966,Texas Rangers,Athletics,Sutter Health Park,Scheduled
16/08/2026,822940,Baltimore Orioles,Tampa Bay Rays,Tropicana Field,Scheduled
16/08/2026,823344,Boston Red Sox,Pittsburgh Pirates,PNC Park,Scheduled
16/08/2026,824880,Arizona Diamondbacks,Atlanta Braves,Truist Park,Scheduled
16/08/2026,822774,New York Yankees,Toronto Blue Jays,Rogers Centre,Scheduled
16/08/2026,823590,Washington Nationals,New York Mets,Citi Field,Scheduled
16/08/2026,824397,San Diego Padres,Cleveland Guardians,Progressive Field,Scheduled
16/08/2026,824236,Chicago White Sox,Detroit Tigers,Comerica Park,Scheduled
16/08/2026,824477,Miami Marlins,Cincinnati Reds,Great American Ball Park,Scheduled
16/08/2026,823670,Philadelphia Phillies,Minnesota Twins,Target Field,Scheduled
16/08/2026,824642,St. Louis Cardinals,Chicago Cubs,Wrigley Field,Scheduled
16/08/2026,823182,Colorado Rockies,San Francisco Giants,Oracle Park,Scheduled
16/08/2026,824965,Texas Rangers,Athletics,Sutter Health Park,Scheduled
16/08/2026,823991,Kansas City Royals,Los Angeles Angels,Angel Stadium,Scheduled
16/08/2026,823912,Milwaukee Brewers,Los Angeles Dodgers,UNIQLO Field at Dodger Stadium,Scheduled
16/08/2026,824156,Seattle Mariners,Houston Astros,Daikin Park,Scheduled
17/08/2026,824514,St. Louis Cardinals,Cincinnati Reds,Great American Ball Park,Scheduled
17/08/2026,824478,St. Louis Cardinals,Cincinnati Reds,Great American Ball Park,Scheduled
17/08/2026,822939,Baltimore Orioles,Tampa Bay Rays,Tropicana Field,Scheduled
17/08/2026,823427,Miami Marlins,Philadelphia Phillies,Citizens Bank Park,Scheduled
17/08/2026,823343,Detroit Tigers,Pittsburgh Pirates,PNC Park,Scheduled
17/08/2026,824725,Arizona Diamondbacks,Boston Red Sox,Fenway Park,Scheduled
17/08/2026,823589,San Diego Padres,New York Mets,Citi Field,Scheduled
17/08/2026,824077,Athletics,Kansas City Royals,Kauffman Stadium,Scheduled
17/08/2026,823668,Atlanta Braves,Minnesota Twins,Target Field,Scheduled
17/08/2026,824641,Chicago White Sox,Chicago Cubs,Wrigley Field,Scheduled
17/08/2026,824320,Los Angeles Dodgers,Colorado Rockies,Coors Field,Scheduled
18/08/2026,824803,New York Yankees,Baltimore Orioles,Oriole Park at Camden Yards,Scheduled
18/08/2026,823341,Detroit Tigers,Pittsburgh Pirates,PNC Park,Scheduled
18/08/2026,824398,San Francisco Giants,Cleveland Guardians,Progressive Field,Scheduled
18/08/2026,824475,St. Louis Cardinals,Cincinnati Reds,Great American Ball Park,Scheduled
18/08/2026,822938,Toronto Blue Jays,Tampa Bay Rays,Tropicana Field,Scheduled
18/08/2026,823423,Miami Marlins,Philadelphia Phillies,Citizens Bank Park,Scheduled
18/08/2026,824723,Arizona Diamondbacks,Boston Red Sox,Fenway Park,Scheduled
18/08/2026,823586,San Diego Padres,New York Mets,Citi Field,Scheduled
18/08/2026,824075,Athletics,Kansas City Royals,Kauffman Stadium,Scheduled
18/08/2026,823667,Atlanta Braves,Minnesota Twins,Target Field,Scheduled
18/08/2026,823749,Seattle Mariners,Milwaukee Brewers,American Family Field,Scheduled
18/08/2026,822859,Washington Nationals,Texas Rangers,Globe Life Field,Scheduled
18/08/2026,824639,Chicago White Sox,Chicago Cubs,Wrigley Field,Scheduled
18/08/2026,824154,Los Angeles Angels,Houston Astros,Daikin Park,Scheduled
18/08/2026,824319,Los Angeles Dodgers,Colorado Rockies,Coors Field,Scheduled
19/08/2026,823342,Detroit Tigers,Pittsburgh Pirates,PNC Park,Scheduled
19/08/2026,823587,San Diego Padres,New York Mets,Citi Field,Scheduled
19/08/2026,823664,Atlanta Braves,Minnesota Twins,Target Field,Scheduled
19/08/2026,824640,Chicago White Sox,Chicago Cubs,Wrigley Field,Scheduled
19/08/2026,824722,Arizona Diamondbacks,Boston Red Sox,Fenway Park,Scheduled
19/08/2026,823424,Miami Marlins,Philadelphia Phillies,Citizens Bank Park,Scheduled
19/08/2026,824801,New York Yankees,Baltimore Orioles,Oriole Park at Camden Yards,Scheduled
19/08/2026,824394,San Francisco Giants,Cleveland Guardians,Progressive Field,Scheduled
19/08/2026,824476,St. Louis Cardinals,Cincinnati Reds,Great American Ball Park,Scheduled
19/08/2026,822937,Toronto Blue Jays,Tampa Bay Rays,Tropicana Field,Scheduled
19/08/2026,824076,Athletics,Kansas City Royals,Kauffman Stadium,Scheduled
19/08/2026,823748,Seattle Mariners,Milwaukee Brewers,American Family Field,Scheduled
19/08/2026,822860,Washington Nationals,Texas Rangers,Globe Life Field,Scheduled
19/08/2026,824155,Los Angeles Angels,Houston Astros,Daikin Park,Scheduled
19/08/2026,824318,Los Angeles Dodgers,Colorado Rockies,Coors Field,Scheduled
20/08/2026,824474,St. Louis Cardinals,Cincinnati Reds,Great American Ball Park,Scheduled
20/08/2026,824395,San Francisco Giants,Cleveland Guardians,Progressive Field,Scheduled
20/08/2026,822934,Toronto Blue Jays,Tampa Bay Rays,Tropicana Field,Scheduled
20/08/2026,824074,Athletics,Kansas City Royals,Kauffman Stadium,Scheduled
20/08/2026,824589,Atlanta Braves,Chicago White Sox,Rate Field,Scheduled
20/08/2026,823747,Seattle Mariners,Milwaukee Brewers,American Family Field,Scheduled
20/08/2026,824802,New York Yankees,Baltimore Orioles,Oriole Park at Camden Yards,Scheduled
20/08/2026,822861,Washington Nationals,Texas Rangers,Globe Life Field,Scheduled
20/08/2026,824153,Los Angeles Angels,Houston Astros,Daikin Park,Scheduled
21/08/2026,823746,Atlanta Braves,Milwaukee Brewers,American Family Field,Scheduled
21/08/2026,823420,St. Louis Cardinals,Philadelphia Phillies,Citizens Bank Park,Scheduled
21/08/2026,824800,Tampa Bay Rays,Baltimore Orioles,Oriole Park at Camden Yards,Scheduled
21/08/2026,823510,Toronto Blue Jays,New York Yankees,Yankee Stadium,Scheduled
21/08/2026,824721,San Francisco Giants,Boston Red Sox,Fenway Park,Scheduled
21/08/2026,823830,Washington Nationals,Miami Marlins,loanDepot park,Scheduled
21/08/2026,824559,New York Mets,Chicago White Sox,Rate Field,Scheduled
21/08/2026,822857,Los Angeles Angels,Texas Rangers,Globe Life Field,Scheduled
21/08/2026,824072,Detroit Tigers,Kansas City Royals,Kauffman Stadium,Scheduled
21/08/2026,824152,Athletics,Houston Astros,Daikin Park,Scheduled
21/08/2026,824317,Cleveland Guardians,Colorado Rockies,Coors Field,Scheduled
21/08/2026,825045,Cincinnati Reds,Arizona Diamondbacks,Chase Field,Scheduled
21/08/2026,823262,Minnesota Twins,San Diego Padres,Petco Park,Scheduled
21/08/2026,823911,Pittsburgh Pirates,Los Angeles Dodgers,UNIQLO Field at Dodger Stadium,Scheduled
21/08/2026,823101,Chicago Cubs,Seattle Mariners,T-Mobile Park,Scheduled
22/08/2026,823509,Toronto Blue Jays,New York Yankees,Yankee Stadium,Scheduled
22/08/2026,823743,Atlanta Braves,Milwaukee Brewers,American Family Field,Scheduled
22/08/2026,823831,Washington Nationals,Miami Marlins,loanDepot park,Scheduled
22/08/2026,823422,St. Louis Cardinals,Philadelphia Phillies,Citizens Bank Park,Scheduled
22/08/2026,824798,Tampa Bay Rays,Baltimore Orioles,Oriole Park at Camden Yards,Scheduled
22/08/2026,822858,Los Angeles Angels,Texas Rangers,Globe Life Field,Scheduled
22/08/2026,824151,Athletics,Houston Astros,Daikin Park,Scheduled
22/08/2026,824560,New York Mets,Chicago White Sox,Rate Field,Scheduled
22/08/2026,824073,Detroit Tigers,Kansas City Royals,Kauffman Stadium,Scheduled
22/08/2026,823100,Chicago Cubs,Seattle Mariners,T-Mobile Park,Scheduled
22/08/2026,824718,San Francisco Giants,Boston Red Sox,Fenway Park,Scheduled
22/08/2026,825044,Cincinnati Reds,Arizona Diamondbacks,Chase Field,Scheduled
22/08/2026,824316,Cleveland Guardians,Colorado Rockies,Coors Field,Scheduled
22/08/2026,823261,Minnesota Twins,San Diego Padres,Petco Park,Scheduled
22/08/2026,823910,Pittsburgh Pirates,Los Angeles Dodgers,UNIQLO Field at Dodger Stadium,Scheduled
23/08/2026,824799,Tampa Bay Rays,Baltimore Orioles,Oriole Park at Camden Yards,Scheduled
23/08/2026,823421,St. Louis Cardinals,Philadelphia Phillies,Citizens Bank Park,Scheduled
23/08/2026,823507,Toronto Blue Jays,New York Yankees,Yankee Stadium,Scheduled
23/08/2026,823827,Washington Nationals,Miami Marlins,loanDepot park,Scheduled
23/08/2026,824071,Detroit Tigers,Kansas City Royals,Kauffman Stadium,Scheduled
23/08/2026,824150,Athletics,Houston Astros,Daikin Park,Scheduled
23/08/2026,824558,New York Mets,Chicago White Sox,Rate Field,Scheduled
23/08/2026,822856,Los Angeles Angels,Texas Rangers,Globe Life Field,Scheduled
23/08/2026,824315,Cleveland Guardians,Colorado Rockies,Coors Field,Scheduled
23/08/2026,824720,San Francisco Giants,Boston Red Sox,Fenway Park,Scheduled
23/08/2026,823909,Pittsburgh Pirates,Los Angeles Dodgers,UNIQLO Field at Dodger Stadium,Scheduled
23/08/2026,823099,Chicago Cubs,Seattle Mariners,T-Mobile Park,Scheduled
23/08/2026,823258,Minnesota Twins,San Diego Padres,Petco Park,Scheduled
23/08/2026,825043,Cincinnati Reds,Arizona Diamondbacks,Chase Field,Scheduled
23/08/2026,823745,Atlanta Braves,Milwaukee Brewers,Journey Bank Ballpark,Scheduled
24/08/2026,824235,Tampa Bay Rays,Detroit Tigers,Comerica Park,Scheduled
24/08/2026,823828,Boston Red Sox,Miami Marlins,loanDepot park,Scheduled
24/08/2026,822695,Colorado Rockies,Washington Nationals,Nationals Park,Scheduled
24/08/2026,824557,Texas Rangers,Chicago White Sox,Rate Field,Scheduled
24/08/2026,823992,Cleveland Guardians,Los Angeles Angels,Angel Stadium,Scheduled
24/08/2026,825041,Chicago Cubs,Arizona Diamondbacks,Chase Field,Scheduled
24/08/2026,823260,Pittsburgh Pirates,San Diego Padres,Petco Park,Scheduled
24/08/2026,824964,Minnesota Twins,Athletics,Sutter Health Park,Scheduled
24/08/2026,823097,Philadelphia Phillies,Seattle Mariners,T-Mobile Park,Scheduled
24/08/2026,823183,Cincinnati Reds,San Francisco Giants,Oracle Park,Scheduled
25/08/2026,824233,Tampa Bay Rays,Detroit Tigers,Comerica Park,Scheduled
25/08/2026,823826,Boston Red Sox,Miami Marlins,loanDepot park,Scheduled
25/08/2026,822693,Colorado Rockies,Washington Nationals,Nationals Park,Scheduled
25/08/2026,823505,Houston Astros,New York Yankees,Yankee Stadium,Scheduled
25/08/2026,822773,Kansas City Royals,Toronto Blue Jays,Rogers Centre,Scheduled
25/08/2026,823585,Milwaukee Brewers,New York Mets,Citi Field,Scheduled
25/08/2026,824881,Los Angeles Dodgers,Atlanta Braves,Truist Park,Scheduled
25/08/2026,824556,Texas Rangers,Chicago White Sox,Rate Field,Scheduled
25/08/2026,823016,Baltimore Orioles,St. Louis Cardinals,Busch Stadium,Scheduled
25/08/2026,823989,Cleveland Guardians,Los Angeles Angels,Angel Stadium,Scheduled
25/08/2026,825042,Chicago Cubs,Arizona Diamondbacks,Chase Field,Scheduled
25/08/2026,823259,Pittsburgh Pirates,San Diego Padres,Petco Park,Scheduled
25/08/2026,824962,Minnesota Twins,Athletics,Sutter Health Park,Scheduled
25/08/2026,823098,Philadelphia Phillies,Seattle Mariners,T-Mobile Park,Scheduled
25/08/2026,823181,Cincinnati Reds,San Francisco Giants,Oracle Park,Scheduled
26/08/2026,824234,Tampa Bay Rays,Detroit Tigers,Comerica Park,Scheduled
26/08/2026,825039,Chicago Cubs,Arizona Diamondbacks,Chase Field,Scheduled
26/08/2026,823180,Cincinnati Reds,San Francisco Giants,Oracle Park,Scheduled
26/08/2026,823988,Cleveland Guardians,Los Angeles Angels,Angel Stadium,Scheduled
26/08/2026,823255,Pittsburgh Pirates,San Diego Padres,Petco Park,Scheduled
26/08/2026,823096,Philadelphia Phillies,Seattle Mariners,T-Mobile Park,Scheduled
26/08/2026,823825,Boston Red Sox,Miami Marlins,loanDepot park,Scheduled
26/08/2026,822692,Colorado Rockies,Washington Nationals,Nationals Park,Scheduled
26/08/2026,823506,Houston Astros,New York Yankees,Yankee Stadium,Scheduled
26/08/2026,822772,Kansas City Royals,Toronto Blue Jays,Rogers Centre,Scheduled
26/08/2026,823584,Milwaukee Brewers,New York Mets,Citi Field,Scheduled
26/08/2026,824878,Los Angeles Dodgers,Atlanta Braves,Truist Park,Scheduled
26/08/2026,824555,Texas Rangers,Chicago White Sox,Rate Field,Scheduled
26/08/2026,823015,Baltimore Orioles,St. Louis Cardinals,Busch Stadium,Scheduled
26/08/2026,824963,Minnesota Twins,Athletics,Sutter Health Park,Scheduled
27/08/2026,822694,Colorado Rockies,Washington Nationals,Nationals Park,Scheduled
27/08/2026,823014,Baltimore Orioles,St. Louis Cardinals,Busch Stadium,Scheduled
27/08/2026,823503,Houston Astros,New York Yankees,Yankee Stadium,Scheduled
27/08/2026,822771,Kansas City Royals,Toronto Blue Jays,Rogers Centre,Scheduled
27/08/2026,823581,Milwaukee Brewers,New York Mets,Citi Field,Scheduled
27/08/2026,824879,Los Angeles Dodgers,Atlanta Braves,Truist Park,Scheduled
27/08/2026,823179,Arizona Diamondbacks,San Francisco Giants,Oracle Park,Scheduled
28/08/2026,824638,Cincinnati Reds,Chicago Cubs,Wrigley Field,Scheduled
28/08/2026,824231,Los Angeles Dodgers,Detroit Tigers,Comerica Park,Scheduled
28/08/2026,822691,Miami Marlins,Washington Nationals,Nationals Park,Scheduled
28/08/2026,823504,Boston Red Sox,New York Yankees,Yankee Stadium,Scheduled
28/08/2026,822769,Seattle Mariners,Toronto Blue Jays,Rogers Centre,Scheduled
28/08/2026,824396,Kansas City Royals,Cleveland Guardians,Progressive Field,Scheduled
28/08/2026,823583,Houston Astros,New York Mets,Citi Field,Scheduled
28/08/2026,822935,San Diego Padres,Tampa Bay Rays,Tropicana Field,Scheduled
28/08/2026,824877,Colorado Rockies,Atlanta Braves,Truist Park,Scheduled
28/08/2026,823744,Texas Rangers,Milwaukee Brewers,American Family Field,Scheduled
28/08/2026,823666,Chicago White Sox,Minnesota Twins,Target Field,Scheduled
28/08/2026,823013,Pittsburgh Pirates,St. Louis Cardinals,Busch Stadium,Scheduled
28/08/2026,823985,Philadelphia Phillies,Los Angeles Angels,Angel Stadium,Scheduled
28/08/2026,824960,Baltimore Orioles,Athletics,Sutter Health Park,Scheduled
28/08/2026,823178,Arizona Diamondbacks,San Francisco Giants,Oracle Park,Scheduled
29/08/2026,823539,Boston Red Sox,New York Yankees,Yankee Stadium,Scheduled
29/08/2026,823501,Boston Red Sox,New York Yankees,Yankee Stadium,Scheduled
29/08/2026,824230,Los Angeles Dodgers,Detroit Tigers,Comerica Park,Scheduled
29/08/2026,823665,Chicago White Sox,Minnesota Twins,Target Field,Scheduled
29/08/2026,823011,Pittsburgh Pirates,St. Louis Cardinals,Busch Stadium,Scheduled
29/08/2026,824637,Cincinnati Reds,Chicago Cubs,Wrigley Field,Scheduled
29/08/2026,822770,Seattle Mariners,Toronto Blue Jays,Rogers Centre,Scheduled
29/08/2026,823177,Arizona Diamondbacks,San Francisco Giants,Oracle Park,Scheduled
29/08/2026,823176,Arizona Diamondbacks,San Francisco Giants,Oracle Park,Scheduled
29/08/2026,822690,Miami Marlins,Washington Nationals,Nationals Park,Scheduled
29/08/2026,824392,Kansas City Royals,Cleveland Guardians,Progressive Field,Scheduled
29/08/2026,823582,Houston Astros,New York Mets,Citi Field,Scheduled
29/08/2026,822936,San Diego Padres,Tampa Bay Rays,Tropicana Field,Scheduled
29/08/2026,824874,Colorado Rockies,Atlanta Braves,Truist Park,Scheduled
29/08/2026,823741,Texas Rangers,Milwaukee Brewers,American Family Field,Scheduled
29/08/2026,824961,Baltimore Orioles,Athletics,Sutter Health Park,Scheduled
29/08/2026,823986,Philadelphia Phillies,Los Angeles Angels,Angel Stadium,Scheduled
30/08/2026,822688,Miami Marlins,Washington Nationals,Nationals Park,Scheduled
30/08/2026,824876,Colorado Rockies,Atlanta Braves,Truist Park,Scheduled
30/08/2026,823502,Boston Red Sox,New York Yankees,Yankee Stadium,Scheduled
30/08/2026,822766,Seattle Mariners,Toronto Blue Jays,Rogers Centre,Scheduled
30/08/2026,824393,Kansas City Royals,Cleveland Guardians,Progressive Field,Scheduled
30/08/2026,824232,Los Angeles Dodgers,Detroit Tigers,Comerica Park,Scheduled
30/08/2026,822933,San Diego Padres,Tampa Bay Rays,Tropicana Field,Scheduled
30/08/2026,823662,Chicago White Sox,Minnesota Twins,Target Field,Scheduled
30/08/2026,823740,Texas Rangers,Milwaukee Brewers,American Family Field,Scheduled
30/08/2026,823010,Pittsburgh Pirates,St. Louis Cardinals,Busch Stadium,Scheduled
30/08/2026,824636,Cincinnati Reds,Chicago Cubs,Wrigley Field,Scheduled
30/08/2026,824959,Baltimore Orioles,Athletics,Sutter Health Park,Scheduled
30/08/2026,823987,Philadelphia Phillies,Los Angeles Angels,Angel Stadium,Scheduled
30/08/2026,823580,Houston Astros,New York Mets,Citi Field,Scheduled
31/08/2026,824911,San Francisco Giants,Atlanta Braves,Truist Park,Scheduled
31/08/2026,824473,San Diego Padres,Cincinnati Reds,Great American Ball Park,Scheduled
31/08/2026,822932,New York Mets,Tampa Bay Rays,Tropicana Field,Scheduled
31/08/2026,824719,Seattle Mariners,Boston Red Sox,Fenway Park,Scheduled
31/08/2026,822689,Miami Marlins,Washington Nationals,Nationals Park,Scheduled
31/08/2026,823663,Detroit Tigers,Minnesota Twins,Target Field,Scheduled
31/08/2026,824635,Milwaukee Brewers,Chicago Cubs,Wrigley Field,Scheduled
31/08/2026,822855,Athletics,Texas Rangers,Globe Life Field,Scheduled
31/08/2026,824149,Chicago White Sox,Houston Astros,Daikin Park,Scheduled
31/08/2026,824314,Baltimore Orioles,Colorado Rockies,Coors Field,Scheduled
31/08/2026,823982,New York Yankees,Los Angeles Angels,Angel Stadium,Scheduled
31/08/2026,825040,Philadelphia Phillies,Arizona Diamondbacks,Chase Field,Scheduled
01/09/2026,824472,San Diego Padres,Cincinnati Reds,Great American Ball Park,Scheduled
01/09/2026,823340,San Francisco Giants,Pittsburgh Pirates,PNC Park,Scheduled
01/09/2026,822929,New York Mets,Tampa Bay Rays,Tropicana Field,Scheduled
01/09/2026,824391,Toronto Blue Jays,Cleveland Guardians,Progressive Field,Scheduled
01/09/2026,824716,Seattle Mariners,Boston Red Sox,Fenway Park,Scheduled
01/09/2026,822687,Atlanta Braves,Washington Nationals,Nationals Park,Scheduled
01/09/2026,823661,Detroit Tigers,Minnesota Twins,Target Field,Scheduled
01/09/2026,824070,Miami Marlins,Kansas City Royals,Kauffman Stadium,Scheduled
01/09/2026,824633,Milwaukee Brewers,Chicago Cubs,Wrigley Field,Scheduled
01/09/2026,822854,Athletics,Texas Rangers,Globe Life Field,Scheduled
01/09/2026,824148,Chicago White Sox,Houston Astros,Daikin Park,Scheduled
01/09/2026,824313,Baltimore Orioles,Colorado Rockies,Coors Field,Scheduled
01/09/2026,823984,New York Yankees,Los Angeles Angels,Angel Stadium,Scheduled
01/09/2026,825038,Philadelphia Phillies,Arizona Diamondbacks,Chase Field,Scheduled
01/09/2026,823908,St. Louis Cardinals,Los Angeles Dodgers,UNIQLO Field at Dodger Stadium,Scheduled
02/09/2026,824470,San Diego Padres,Cincinnati Reds,Great American Ball Park,Scheduled
02/09/2026,822686,Atlanta Braves,Washington Nationals,Nationals Park,Scheduled
02/09/2026,822851,Athletics,Texas Rangers,Globe Life Field,Scheduled
02/09/2026,824312,Baltimore Orioles,Colorado Rockies,Coors Field,Scheduled
02/09/2026,825037,Philadelphia Phillies,Arizona Diamondbacks,Chase Field,Scheduled
02/09/2026,824717,Seattle Mariners,Boston Red Sox,Fenway Park,Scheduled
02/09/2026,823339,San Francisco Giants,Pittsburgh Pirates,PNC Park,Scheduled
02/09/2026,822931,New York Mets,Tampa Bay Rays,Tropicana Field,Scheduled
02/09/2026,824390,Toronto Blue Jays,Cleveland Guardians,Progressive Field,Scheduled
02/09/2026,823660,Detroit Tigers,Minnesota Twins,Target Field,Scheduled
02/09/2026,824068,Miami Marlins,Kansas City Royals,Kauffman Stadium,Scheduled
02/09/2026,824634,Milwaukee Brewers,Chicago Cubs,Wrigley Field,Scheduled
02/09/2026,824147,Chicago White Sox,Houston Astros,Daikin Park,Scheduled
02/09/2026,823983,New York Yankees,Los Angeles Angels,Angel Stadium,Scheduled
02/09/2026,823906,St. Louis Cardinals,Los Angeles Dodgers,UNIQLO Field at Dodger Stadium,Scheduled
03/09/2026,823337,San Francisco Giants,Pittsburgh Pirates,PNC Park,Scheduled
03/09/2026,824388,Toronto Blue Jays,Cleveland Guardians,Progressive Field,Scheduled
03/09/2026,824144,Chicago White Sox,Houston Astros,Daikin Park,Scheduled
03/09/2026,824796,Boston Red Sox,Baltimore Orioles,Oriole Park at Camden Yards,Scheduled
03/09/2026,824632,Milwaukee Brewers,Chicago Cubs,Wrigley Field,Scheduled
03/09/2026,824069,Miami Marlins,Kansas City Royals,Kauffman Stadium,Scheduled
03/09/2026,822853,Tampa Bay Rays,Texas Rangers,Globe Life Field,Scheduled
03/09/2026,823095,Athletics,Seattle Mariners,T-Mobile Park,Scheduled
03/09/2026,823907,St. Louis Cardinals,Los Angeles Dodgers,UNIQLO Field at Dodger Stadium,Scheduled
04/09/2026,824424,Detroit Tigers,Cleveland Guardians,Progressive Field,Scheduled
04/09/2026,824387,Detroit Tigers,Cleveland Guardians,Progressive Field,Scheduled
04/09/2026,824471,Milwaukee Brewers,Cincinnati Reds,Great American Ball Park,Scheduled
04/09/2026,823338,Los Angeles Angels,Pittsburgh Pirates,PNC Park,Scheduled
04/09/2026,823418,Atlanta Braves,Philadelphia Phillies,Citizens Bank Park,Scheduled
04/09/2026,824797,Boston Red Sox,Baltimore Orioles,Oriole Park at Camden Yards,Scheduled
04/09/2026,823579,San Francisco Giants,New York Mets,Citi Field,Scheduled
04/09/2026,823824,Chicago Cubs,Miami Marlins,loanDepot park,Scheduled
04/09/2026,824554,Minnesota Twins,Chicago White Sox,Rate Field,Scheduled
04/09/2026,822852,Tampa Bay Rays,Texas Rangers,Globe Life Field,Scheduled
04/09/2026,824146,Arizona Diamondbacks,Houston Astros,Daikin Park,Scheduled
04/09/2026,824067,Toronto Blue Jays,Kansas City Royals,Kauffman Stadium,Scheduled
04/09/2026,824311,St. Louis Cardinals,Colorado Rockies,Coors Field,Scheduled
04/09/2026,823256,New York Yankees,San Diego Padres,Petco Park,Scheduled
04/09/2026,823905,Washington Nationals,Los Angeles Dodgers,UNIQLO Field at Dodger Stadium,Scheduled
04/09/2026,823093,Athletics,Seattle Mariners,T-Mobile Park,Scheduled
05/09/2026,823577,San Francisco Giants,New York Mets,Citi Field,Scheduled
05/09/2026,823823,Chicago Cubs,Miami Marlins,loanDepot park,Scheduled
05/09/2026,823419,Atlanta Braves,Philadelphia Phillies,Citizens Bank Park,Scheduled
05/09/2026,824389,Detroit Tigers,Cleveland Guardians,Progressive Field,Scheduled
05/09/2026,823335,Los Angeles Angels,Pittsburgh Pirates,PNC Park,Scheduled
05/09/2026,824468,Milwaukee Brewers,Cincinnati Reds,Great American Ball Park,Scheduled
05/09/2026,824795,Boston Red Sox,Baltimore Orioles,Oriole Park at Camden Yards,Scheduled
05/09/2026,822850,Tampa Bay Rays,Texas Rangers,Globe Life Field,Scheduled
05/09/2026,824066,Toronto Blue Jays,Kansas City Royals,Kauffman Stadium,Scheduled
05/09/2026,824553,Minnesota Twins,Chicago White Sox,Rate Field,Scheduled
05/09/2026,824145,Arizona Diamondbacks,Houston Astros,Daikin Park,Scheduled
05/09/2026,823257,New York Yankees,San Diego Padres,Petco Park,Scheduled
05/09/2026,824310,St. Louis Cardinals,Colorado Rockies,Coors Field,Scheduled
05/09/2026,823904,Washington Nationals,Los Angeles Dodgers,UNIQLO Field at Dodger Stadium,Scheduled
05/09/2026,823094,Athletics,Seattle Mariners,T-Mobile Park,Scheduled
06/09/2026,824469,Milwaukee Brewers,Cincinnati Reds,Great American Ball Park,Scheduled
06/09/2026,823417,Atlanta Braves,Philadelphia Phillies,Citizens Bank Park,Scheduled
06/09/2026,824794,Boston Red Sox,Baltimore Orioles,Oriole Park at Camden Yards,Scheduled
06/09/2026,823336,Los Angeles Angels,Pittsburgh Pirates,PNC Park,Scheduled
06/09/2026,824385,Detroit Tigers,Cleveland Guardians,Progressive Field,Scheduled
06/09/2026,823578,San Francisco Giants,New York Mets,Citi Field,Scheduled
06/09/2026,823822,Chicago Cubs,Miami Marlins,loanDepot park,Scheduled
06/09/2026,824142,Arizona Diamondbacks,Houston Astros,Daikin Park,Scheduled
06/09/2026,824552,Minnesota Twins,Chicago White Sox,Rate Field,Scheduled
06/09/2026,822848,Tampa Bay Rays,Texas Rangers,Globe Life Field,Scheduled
06/09/2026,824309,St. Louis Cardinals,Colorado Rockies,Coors Field,Scheduled
06/09/2026,823091,Athletics,Seattle Mariners,T-Mobile Park,Scheduled
06/09/2026,823253,New York Yankees,San Diego Padres,Petco Park,Scheduled
06/09/2026,824065,Toronto Blue Jays,Kansas City Royals,Kauffman Stadium,Scheduled
06/09/2026,823903,Washington Nationals,Los Angeles Dodgers,UNIQLO Field at Dodger Stadium,Scheduled
07/09/2026,823415,Atlanta Braves,Philadelphia Phillies,Citizens Bank Park,Scheduled
07/09/2026,824229,Minnesota Twins,Detroit Tigers,Comerica Park,Scheduled
07/09/2026,823820,New York Mets,Miami Marlins,loanDepot park,Scheduled
07/09/2026,824715,Los Angeles Angels,Boston Red Sox,Fenway Park,Scheduled
07/09/2026,824793,Cleveland Guardians,Baltimore Orioles,Oriole Park at Camden Yards,Scheduled
07/09/2026,824062,Arizona Diamondbacks,Kansas City Royals,Kauffman Stadium,Scheduled
07/09/2026,823742,Chicago Cubs,Milwaukee Brewers,American Family Field,Scheduled
07/09/2026,823254,Washington Nationals,San Diego Padres,Petco Park,Scheduled
07/09/2026,823175,St. Louis Cardinals,San Francisco Giants,Oracle Park,Scheduled
07/09/2026,823902,Cincinnati Reds,Los Angeles Dodgers,UNIQLO Field at Dodger Stadium,Scheduled
07/09/2026,824958,Toronto Blue Jays,Athletics,Sutter Health Park,Scheduled
08/09/2026,824792,Cleveland Guardians,Baltimore Orioles,Oriole Park at Camden Yards,Scheduled
08/09/2026,824228,Minnesota Twins,Detroit Tigers,Comerica Park,Scheduled
08/09/2026,823414,Houston Astros,Philadelphia Phillies,Citizens Bank Park,Scheduled
08/09/2026,823821,New York Mets,Miami Marlins,loanDepot park,Scheduled
08/09/2026,824714,Los Angeles Angels,Boston Red Sox,Fenway Park,Scheduled
08/09/2026,823500,Colorado Rockies,New York Yankees,Yankee Stadium,Scheduled
08/09/2026,824875,Tampa Bay Rays,Atlanta Braves,Truist Park,Scheduled
08/09/2026,824063,Arizona Diamondbacks,Kansas City Royals,Kauffman Stadium,Scheduled
08/09/2026,824551,Pittsburgh Pirates,Chicago White Sox,Rate Field,Scheduled
08/09/2026,823738,Chicago Cubs,Milwaukee Brewers,American Family Field,Scheduled
08/09/2026,823250,Washington Nationals,San Diego Padres,Petco Park,Scheduled
08/09/2026,823092,Texas Rangers,Seattle Mariners,T-Mobile Park,Scheduled
08/09/2026,824957,Toronto Blue Jays,Athletics,Sutter Health Park,Scheduled
08/09/2026,823174,St. Louis Cardinals,San Francisco Giants,Oracle Park,Scheduled
08/09/2026,823901,Cincinnati Reds,Los Angeles Dodgers,UNIQLO Field at Dodger Stadium,Scheduled
09/09/2026,824226,Minnesota Twins,Detroit Tigers,Comerica Park,Scheduled
09/09/2026,824956,Toronto Blue Jays,Athletics,Sutter Health Park,Scheduled
09/09/2026,823172,St. Louis Cardinals,San Francisco Giants,Oracle Park,Scheduled
09/09/2026,823251,Washington Nationals,San Diego Padres,Petco Park,Scheduled
09/09/2026,823090,Texas Rangers,Seattle Mariners,T-Mobile Park,Scheduled
09/09/2026,824791,Cleveland Guardians,Baltimore Orioles,Oriole Park at Camden Yards,Scheduled
09/09/2026,823416,Houston Astros,Philadelphia Phillies,Citizens Bank Park,Scheduled
09/09/2026,823818,New York Mets,Miami Marlins,loanDepot park,Scheduled
09/09/2026,824713,Los Angeles Angels,Boston Red Sox,Fenway Park,Scheduled
09/09/2026,823497,Colorado Rockies,New York Yankees,Yankee Stadium,Scheduled
09/09/2026,824871,Tampa Bay Rays,Atlanta Braves,Truist Park,Scheduled
09/09/2026,824064,Arizona Diamondbacks,Kansas City Royals,Kauffman Stadium,Scheduled
09/09/2026,824549,Pittsburgh Pirates,Chicago White Sox,Rate Field,Scheduled
09/09/2026,823739,Chicago Cubs,Milwaukee Brewers,American Family Field,Scheduled
09/09/2026,823900,Cincinnati Reds,Los Angeles Dodgers,UNIQLO Field at Dodger Stadium,Scheduled
10/09/2026,824872,Tampa Bay Rays,Atlanta Braves,Truist Park,Scheduled
10/09/2026,823413,Houston Astros,Philadelphia Phillies,Citizens Bank Park,Scheduled
10/09/2026,823088,Texas Rangers,Seattle Mariners,T-Mobile Park,Scheduled
10/09/2026,823499,Colorado Rockies,New York Yankees,Yankee Stadium,Scheduled
10/09/2026,824550,Pittsburgh Pirates,Chicago White Sox,Rate Field,Scheduled
11/09/2026,824631,Pittsburgh Pirates,Chicago Cubs,Wrigley Field,Scheduled
11/09/2026,824227,Colorado Rockies,Detroit Tigers,Comerica Park,Scheduled
11/09/2026,822684,Los Angeles Angels,Washington Nationals,Nationals Park,Scheduled
11/09/2026,823498,New York Mets,New York Yankees,Yankee Stadium,Scheduled
11/09/2026,822767,Baltimore Orioles,Toronto Blue Jays,Rogers Centre,Scheduled
11/09/2026,824711,Kansas City Royals,Boston Red Sox,Fenway Park,Scheduled
11/09/2026,822930,Houston Astros,Tampa Bay Rays,Tropicana Field,Scheduled
11/09/2026,823817,Los Angeles Dodgers,Miami Marlins,loanDepot park,Scheduled
11/09/2026,824873,Philadelphia Phillies,Atlanta Braves,Truist Park,Scheduled
11/09/2026,823736,Cincinnati Reds,Milwaukee Brewers,American Family Field,Scheduled
11/09/2026,823659,Cleveland Guardians,Minnesota Twins,Target Field,Scheduled
11/09/2026,823012,Chicago White Sox,St. Louis Cardinals,Busch Stadium,Scheduled
11/09/2026,824954,Seattle Mariners,Athletics,Sutter Health Park,Scheduled
11/09/2026,825036,Texas Rangers,Arizona Diamondbacks,Chase Field,Scheduled
11/09/2026,823173,San Diego Padres,San Francisco Giants,Oracle Park,Scheduled
12/09/2026,824224,Colorado Rockies,Detroit Tigers,Comerica Park,Scheduled
12/09/2026,823496,New York Mets,New York Yankees,Yankee Stadium,Scheduled
12/09/2026,824630,Pittsburgh Pirates,Chicago Cubs,Wrigley Field,Scheduled
12/09/2026,822768,Baltimore Orioles,Toronto Blue Jays,Rogers Centre,Scheduled
12/09/2026,822685,Los Angeles Angels,Washington Nationals,Nationals Park,Scheduled
12/09/2026,823170,San Diego Padres,San Francisco Giants,Oracle Park,Scheduled
12/09/2026,824712,Kansas City Royals,Boston Red Sox,Fenway Park,Scheduled
12/09/2026,823657,Cleveland Guardians,Minnesota Twins,Target Field,Scheduled
12/09/2026,823819,Los Angeles Dodgers,Miami Marlins,loanDepot park,Scheduled
12/09/2026,822927,Houston Astros,Tampa Bay Rays,Tropicana Field,Scheduled
12/09/2026,823737,Cincinnati Reds,Milwaukee Brewers,American Family Field,Scheduled
12/09/2026,824870,Philadelphia Phillies,Atlanta Braves,Truist Park,Scheduled
12/09/2026,823009,Chicago White Sox,St. Louis Cardinals,Busch Stadium,Scheduled
12/09/2026,825035,Texas Rangers,Arizona Diamondbacks,Chase Field,Scheduled
12/09/2026,824955,Seattle Mariners,Athletics,Sutter Health Park,Scheduled
13/09/2026,824225,Colorado Rockies,Detroit Tigers,Comerica Park,Scheduled
13/09/2026,824708,Kansas City Royals,Boston Red Sox,Fenway Park,Scheduled
13/09/2026,822682,Los Angeles Angels,Washington Nationals,Nationals Park,Scheduled
13/09/2026,824869,Philadelphia Phillies,Atlanta Braves,Truist Park,Scheduled
13/09/2026,823495,New York Mets,New York Yankees,Yankee Stadium,Scheduled
13/09/2026,822764,Baltimore Orioles,Toronto Blue Jays,Rogers Centre,Scheduled
13/09/2026,822928,Houston Astros,Tampa Bay Rays,Tropicana Field,Scheduled
13/09/2026,823815,Los Angeles Dodgers,Miami Marlins,loanDepot park,Scheduled
13/09/2026,823658,Cleveland Guardians,Minnesota Twins,Target Field,Scheduled
13/09/2026,823734,Cincinnati Reds,Milwaukee Brewers,American Family Field,Scheduled
13/09/2026,823008,Chicago White Sox,St. Louis Cardinals,Busch Stadium,Scheduled
13/09/2026,824628,Pittsburgh Pirates,Chicago Cubs,Wrigley Field,Scheduled
13/09/2026,824952,Seattle Mariners,Athletics,Sutter Health Park,Scheduled
13/09/2026,825033,Texas Rangers,Arizona Diamondbacks,Chase Field,Scheduled
13/09/2026,823171,San Diego Padres,San Francisco Giants,Oracle Park,Scheduled
14/09/2026,824465,Los Angeles Dodgers,Cincinnati Reds,Great American Ball Park,Scheduled
14/09/2026,824386,Chicago White Sox,Cleveland Guardians,Progressive Field,Scheduled
14/09/2026,822765,Detroit Tigers,Toronto Blue Jays,Rogers Centre,Scheduled
14/09/2026,823575,Baltimore Orioles,New York Mets,Citi Field,Scheduled
14/09/2026,824629,Atlanta Braves,Chicago Cubs,Wrigley Field,Scheduled
14/09/2026,823656,New York Yankees,Minnesota Twins,Target Field,Scheduled
14/09/2026,823006,San Francisco Giants,St. Louis Cardinals,Busch Stadium,Scheduled
14/09/2026,824308,San Diego Padres,Colorado Rockies,Coors Field,Scheduled
14/09/2026,823981,Seattle Mariners,Los Angeles Angels,Angel Stadium,Scheduled
14/09/2026,825034,Miami Marlins,Arizona Diamondbacks,Chase Field,Scheduled
15/09/2026,824466,Los Angeles Dodgers,Cincinnati Reds,Great American Ball Park,Scheduled
15/09/2026,822925,Athletics,Tampa Bay Rays,Tropicana Field,Scheduled
15/09/2026,824384,Chicago White Sox,Cleveland Guardians,Progressive Field,Scheduled
15/09/2026,823333,Milwaukee Brewers,Pittsburgh Pirates,PNC Park,Scheduled
15/09/2026,822683,Philadelphia Phillies,Washington Nationals,Nationals Park,Scheduled
15/09/2026,822762,Detroit Tigers,Toronto Blue Jays,Rogers Centre,Scheduled
15/09/2026,823574,Baltimore Orioles,New York Mets,Citi Field,Scheduled
15/09/2026,824627,Atlanta Braves,Chicago Cubs,Wrigley Field,Scheduled
15/09/2026,823654,New York Yankees,Minnesota Twins,Target Field,Scheduled
15/09/2026,823007,San Francisco Giants,St. Louis Cardinals,Busch Stadium,Scheduled
15/09/2026,822849,Boston Red Sox,Texas Rangers,Globe Life Field,Scheduled
15/09/2026,824143,Kansas City Royals,Houston Astros,Daikin Park,Scheduled
15/09/2026,824307,San Diego Padres,Colorado Rockies,Coors Field,Scheduled
15/09/2026,823980,Seattle Mariners,Los Angeles Angels,Angel Stadium,Scheduled
15/09/2026,825030,Miami Marlins,Arizona Diamondbacks,Chase Field,Scheduled
16/09/2026,824382,Chicago White Sox,Cleveland Guardians,Progressive Field,Scheduled
16/09/2026,823004,San Francisco Giants,St. Louis Cardinals,Busch Stadium,Scheduled
16/09/2026,823655,New York Yankees,Minnesota Twins,Target Field,Scheduled
16/09/2026,822763,Detroit Tigers,Toronto Blue Jays,Rogers Centre,Scheduled
16/09/2026,824467,Los Angeles Dodgers,Cincinnati Reds,Great American Ball Park,Scheduled
16/09/2026,822926,Athletics,Tampa Bay Rays,Tropicana Field,Scheduled
16/09/2026,823332,Milwaukee Brewers,Pittsburgh Pirates,PNC Park,Scheduled
16/09/2026,822680,Philadelphia Phillies,Washington Nationals,Nationals Park,Scheduled
16/09/2026,823576,Baltimore Orioles,New York Mets,Citi Field,Scheduled
16/09/2026,824626,Atlanta Braves,Chicago Cubs,Wrigley Field,Scheduled
16/09/2026,822846,Boston Red Sox,Texas Rangers,Globe Life Field,Scheduled
16/09/2026,824140,Kansas City Royals,Houston Astros,Daikin Park,Scheduled
16/09/2026,824306,San Diego Padres,Colorado Rockies,Coors Field,Scheduled
16/09/2026,823979,Seattle Mariners,Los Angeles Angels,Angel Stadium,Scheduled
16/09/2026,825031,Miami Marlins,Arizona Diamondbacks,Chase Field,Scheduled
17/09/2026,823334,Milwaukee Brewers,Pittsburgh Pirates,PNC Park,Scheduled
17/09/2026,824464,Los Angeles Dodgers,Cincinnati Reds,Great American Ball Park,Scheduled
17/09/2026,822924,Athletics,Tampa Bay Rays,Tropicana Field,Scheduled
17/09/2026,824305,San Diego Padres,Colorado Rockies,Coors Field,Scheduled
17/09/2026,824141,Kansas City Royals,Houston Astros,Daikin Park,Scheduled
17/09/2026,823573,Philadelphia Phillies,New York Mets,Citi Field,Scheduled
17/09/2026,824548,Detroit Tigers,Chicago White Sox,Rate Field,Scheduled
17/09/2026,822845,Boston Red Sox,Texas Rangers,Globe Life Field,Scheduled
17/09/2026,823978,Minnesota Twins,Los Angeles Angels,Angel Stadium,Scheduled
18/09/2026,824463,Chicago Cubs,Cincinnati Reds,Great American Ball Park,Scheduled
18/09/2026,823331,Kansas City Royals,Pittsburgh Pirates,PNC Park,Scheduled
18/09/2026,824790,Milwaukee Brewers,Baltimore Orioles,Oriole Park at Camden Yards,Scheduled
18/09/2026,824383,Athletics,Cleveland Guardians,Progressive Field,Scheduled
18/09/2026,822923,Boston Red Sox,Tampa Bay Rays,Tropicana Field,Scheduled
18/09/2026,823572,Philadelphia Phillies,New York Mets,Citi Field,Scheduled
18/09/2026,824547,Detroit Tigers,Chicago White Sox,Rate Field,Scheduled
18/09/2026,822847,Toronto Blue Jays,Texas Rangers,Globe Life Field,Scheduled
18/09/2026,824303,Seattle Mariners,Colorado Rockies,Coors Field,Scheduled
18/09/2026,824138,Atlanta Braves,Houston Astros,Daikin Park,Scheduled
18/09/2026,823005,Washington Nationals,St. Louis Cardinals,Busch Stadium,Scheduled
18/09/2026,823977,Minnesota Twins,Los Angeles Angels,Angel Stadium,Scheduled
18/09/2026,823252,Miami Marlins,San Diego Padres,Petco Park,Scheduled
18/09/2026,825032,New York Yankees,Arizona Diamondbacks,Chase Field,Scheduled
18/09/2026,823898,San Francisco Giants,Los Angeles Dodgers,UNIQLO Field at Dodger Stadium,Scheduled
19/09/2026,824788,Milwaukee Brewers,Baltimore Orioles,Oriole Park at Camden Yards,Scheduled
19/09/2026,822921,Boston Red Sox,Tampa Bay Rays,Tropicana Field,Scheduled
19/09/2026,823571,Philadelphia Phillies,New York Mets,Citi Field,Scheduled
19/09/2026,824380,Athletics,Cleveland Guardians,Progressive Field,Scheduled
19/09/2026,824461,Chicago Cubs,Cincinnati Reds,Great American Ball Park,Scheduled
19/09/2026,823330,Kansas City Royals,Pittsburgh Pirates,PNC Park,Scheduled
19/09/2026,822843,Toronto Blue Jays,Texas Rangers,Globe Life Field,Scheduled
19/09/2026,824137,Atlanta Braves,Houston Astros,Daikin Park,Scheduled
19/09/2026,824545,Detroit Tigers,Chicago White Sox,Rate Field,Scheduled
19/09/2026,823003,Washington Nationals,St. Louis Cardinals,Busch Stadium,Scheduled
19/09/2026,824304,Seattle Mariners,Colorado Rockies,Coors Field,Scheduled
19/09/2026,825029,New York Yankees,Arizona Diamondbacks,Chase Field,Scheduled
19/09/2026,823249,Miami Marlins,San Diego Padres,Petco Park,Scheduled
19/09/2026,823899,San Francisco Giants,Los Angeles Dodgers,UNIQLO Field at Dodger Stadium,Scheduled
19/09/2026,823976,Minnesota Twins,Los Angeles Angels,Angel Stadium,Scheduled
20/09/2026,823329,Kansas City Royals,Pittsburgh Pirates,PNC Park,Scheduled
20/09/2026,824462,Chicago Cubs,Cincinnati Reds,Great American Ball Park,Scheduled
20/09/2026,824381,Athletics,Cleveland Guardians,Progressive Field,Scheduled
20/09/2026,822922,Boston Red Sox,Tampa Bay Rays,Tropicana Field,Scheduled
20/09/2026,823570,Philadelphia Phillies,New York Mets,Citi Field,Scheduled
20/09/2026,824139,Atlanta Braves,Houston Astros,Daikin Park,Scheduled
20/09/2026,824546,Detroit Tigers,Chicago White Sox,Rate Field,Scheduled
20/09/2026,823001,Washington Nationals,St. Louis Cardinals,Busch Stadium,Scheduled
20/09/2026,822844,Toronto Blue Jays,Texas Rangers,Globe Life Field,Scheduled
20/09/2026,824300,Seattle Mariners,Colorado Rockies,Coors Field,Scheduled
20/09/2026,823975,Minnesota Twins,Los Angeles Angels,Angel Stadium,Scheduled
20/09/2026,823896,San Francisco Giants,Los Angeles Dodgers,UNIQLO Field at Dodger Stadium,Scheduled
20/09/2026,823247,Miami Marlins,San Diego Padres,Petco Park,Scheduled
20/09/2026,825028,New York Yankees,Arizona Diamondbacks,Chase Field,Scheduled
20/09/2026,824789,Milwaukee Brewers,Baltimore Orioles,Oriole Park at Camden Yards,Scheduled
21/09/2026,824787,Toronto Blue Jays,Baltimore Orioles,Oriole Park at Camden Yards,Scheduled
21/09/2026,824221,Washington Nationals,Detroit Tigers,Comerica Park,Scheduled
21/09/2026,823169,Minnesota Twins,San Francisco Giants,Oracle Park,Scheduled
22/09/2026,823543,Tampa Bay Rays,New York Yankees,Yankee Stadium,Scheduled
22/09/2026,823494,Tampa Bay Rays,New York Yankees,Yankee Stadium,Scheduled
22/09/2026,824785,Toronto Blue Jays,Baltimore Orioles,Oriole Park at Camden Yards,Scheduled
22/09/2026,824222,Washington Nationals,Detroit Tigers,Comerica Park,Scheduled
22/09/2026,823328,St. Louis Cardinals,Pittsburgh Pirates,PNC Park,Scheduled
22/09/2026,823412,Milwaukee Brewers,Philadelphia Phillies,Citizens Bank Park,Scheduled
22/09/2026,824709,Cleveland Guardians,Boston Red Sox,Fenway Park,Scheduled
22/09/2026,824867,Cincinnati Reds,Atlanta Braves,Truist Park,Scheduled
22/09/2026,824061,Chicago White Sox,Kansas City Royals,Kauffman Stadium,Scheduled
22/09/2026,824624,Miami Marlins,Chicago Cubs,Wrigley Field,Scheduled
22/09/2026,822840,New York Mets,Texas Rangers,Globe Life Field,Scheduled
22/09/2026,824302,Arizona Diamondbacks,Colorado Rockies,Coors Field,Scheduled
22/09/2026,824953,Los Angeles Angels,Athletics,Sutter Health Park,Scheduled
22/09/2026,823089,Houston Astros,Seattle Mariners,T-Mobile Park,Scheduled
22/09/2026,823166,Minnesota Twins,San Francisco Giants,Oracle Park,Scheduled
22/09/2026,823897,San Diego Padres,Los Angeles Dodgers,UNIQLO Field at Dodger Stadium,Scheduled
23/09/2026,824223,Washington Nationals,Detroit Tigers,Comerica Park,Scheduled
23/09/2026,823168,Minnesota Twins,San Francisco Giants,Oracle Park,Scheduled
23/09/2026,824784,Toronto Blue Jays,Baltimore Orioles,Oriole Park at Camden Yards,Scheduled
23/09/2026,823327,St. Louis Cardinals,Pittsburgh Pirates,PNC Park,Scheduled
23/09/2026,823410,Milwaukee Brewers,Philadelphia Phillies,Citizens Bank Park,Scheduled
23/09/2026,823492,Tampa Bay Rays,New York Yankees,Yankee Stadium,Scheduled
23/09/2026,824710,Cleveland Guardians,Boston Red Sox,Fenway Park,Scheduled
23/09/2026,824868,Cincinnati Reds,Atlanta Braves,Truist Park,Scheduled
23/09/2026,824060,Chicago White Sox,Kansas City Royals,Kauffman Stadium,Scheduled
23/09/2026,824625,Miami Marlins,Chicago Cubs,Wrigley Field,Scheduled
23/09/2026,822841,New York Mets,Texas Rangers,Globe Life Field,Scheduled
23/09/2026,824301,Arizona Diamondbacks,Colorado Rockies,Coors Field,Scheduled
23/09/2026,824951,Los Angeles Angels,Athletics,Sutter Health Park,Scheduled
23/09/2026,823894,San Diego Padres,Los Angeles Dodgers,UNIQLO Field at Dodger Stadium,Scheduled
23/09/2026,823086,Houston Astros,Seattle Mariners,T-Mobile Park,Scheduled
24/09/2026,823326,St. Louis Cardinals,Pittsburgh Pirates,PNC Park,Scheduled
24/09/2026,824059,Chicago White Sox,Kansas City Royals,Kauffman Stadium,Scheduled
24/09/2026,824623,Miami Marlins,Chicago Cubs,Wrigley Field,Scheduled
24/09/2026,822842,New York Mets,Texas Rangers,Globe Life Field,Scheduled
24/09/2026,824298,Arizona Diamondbacks,Colorado Rockies,Coors Field,Scheduled
24/09/2026,823411,Milwaukee Brewers,Philadelphia Phillies,Citizens Bank Park,Scheduled
24/09/2026,824707,Cleveland Guardians,Boston Red Sox,Fenway Park,Scheduled
24/09/2026,823493,Tampa Bay Rays,New York Yankees,Yankee Stadium,Scheduled
24/09/2026,824866,Cincinnati Reds,Atlanta Braves,Truist Park,Scheduled
24/09/2026,824950,Houston Astros,Athletics,Sutter Health Park,Scheduled
24/09/2026,823087,Los Angeles Angels,Seattle Mariners,T-Mobile Park,Scheduled
24/09/2026,823895,San Diego Padres,Los Angeles Dodgers,UNIQLO Field at Dodger Stadium,Scheduled
25/09/2026,824220,Pittsburgh Pirates,Detroit Tigers,Comerica Park,Scheduled
25/09/2026,823409,Tampa Bay Rays,Philadelphia Phillies,Citizens Bank Park,Scheduled
25/09/2026,822681,New York Mets,Washington Nationals,Nationals Park,Scheduled
25/09/2026,823491,Baltimore Orioles,New York Yankees,Yankee Stadium,Scheduled
25/09/2026,822760,Cincinnati Reds,Toronto Blue Jays,Rogers Centre,Scheduled
25/09/2026,824706,Chicago Cubs,Boston Red Sox,Fenway Park,Scheduled
25/09/2026,823816,Atlanta Braves,Miami Marlins,loanDepot park,Scheduled
25/09/2026,824058,Cleveland Guardians,Kansas City Royals,Kauffman Stadium,Scheduled
25/09/2026,824544,Colorado Rockies,Chicago White Sox,Rate Field,Scheduled
25/09/2026,823735,St. Louis Cardinals,Milwaukee Brewers,American Family Field,Scheduled
25/09/2026,823652,Texas Rangers,Minnesota Twins,Target Field,Scheduled
25/09/2026,824947,Houston Astros,Athletics,Sutter Health Park,Scheduled
25/09/2026,823248,Arizona Diamondbacks,San Diego Padres,Petco Park,Scheduled
25/09/2026,823085,Los Angeles Angels,Seattle Mariners,T-Mobile Park,Scheduled
25/09/2026,823167,Los Angeles Dodgers,San Francisco Giants,Oracle Park,Scheduled
26/09/2026,824219,Pittsburgh Pirates,Detroit Tigers,Comerica Park,Scheduled
26/09/2026,822759,Cincinnati Reds,Toronto Blue Jays,Rogers Centre,Scheduled
26/09/2026,822678,New York Mets,Washington Nationals,Nationals Park,Scheduled
26/09/2026,823165,Los Angeles Dodgers,San Francisco Giants,Oracle Park,Scheduled
26/09/2026,823653,Texas Rangers,Minnesota Twins,Target Field,Scheduled
26/09/2026,823813,Atlanta Braves,Miami Marlins,loanDepot park,Scheduled
26/09/2026,823407,Tampa Bay Rays,Philadelphia Phillies,Citizens Bank Park,Scheduled
26/09/2026,823489,Baltimore Orioles,New York Yankees,Yankee Stadium,Scheduled
26/09/2026,824057,Cleveland Guardians,Kansas City Royals,Kauffman Stadium,Scheduled
26/09/2026,824543,Colorado Rockies,Chicago White Sox,Rate Field,Scheduled
26/09/2026,823733,St. Louis Cardinals,Milwaukee Brewers,American Family Field,Scheduled
26/09/2026,824705,Chicago Cubs,Boston Red Sox,Fenway Park,Scheduled
26/09/2026,823245,Arizona Diamondbacks,San Diego Padres,Petco Park,Scheduled
26/09/2026,824949,Houston Astros,Athletics,Sutter Health Park,Scheduled
26/09/2026,823083,Los Angeles Angels,Seattle Mariners,T-Mobile Park,Scheduled
27/09/2026,824703,Chicago Cubs,Boston Red Sox,Fenway Park,Scheduled
27/09/2026,822679,New York Mets,Washington Nationals,Nationals Park,Scheduled
27/09/2026,824948,Houston Astros,Athletics,Sutter Health Park,Scheduled
27/09/2026,823164,Los Angeles Dodgers,San Francisco Giants,Oracle Park,Scheduled
27/09/2026,823408,Tampa Bay Rays,Philadelphia Phillies,Citizens Bank Park,Scheduled
27/09/2026,822761,Cincinnati Reds,Toronto Blue Jays,Rogers Centre,Scheduled
27/09/2026,824055,Cleveland Guardians,Kansas City Royals,Kauffman Stadium,Scheduled
27/09/2026,824217,Pittsburgh Pirates,Detroit Tigers,Comerica Park,Scheduled
27/09/2026,823246,Arizona Diamondbacks,San Diego Padres,Petco Park,Scheduled
27/09/2026,823084,Los Angeles Angels,Seattle Mariners,T-Mobile Park,Scheduled
27/09/2026,823650,Texas Rangers,Minnesota Twins,Target Field,Scheduled
27/09/2026,824542,Colorado Rockies,Chicago White Sox,Rate Field,Scheduled
27/09/2026,823814,Atlanta Braves,Miami Marlins,loanDepot park,Scheduled
27/09/2026,823731,St. Louis Cardinals,Milwaukee Brewers,American Family Field,Scheduled
27/09/2026,823490,Baltimore Orioles,New York Yankees,Yankee Stadium,Scheduled
